Workbook

Sheet Doctor Information
A1: Doctors InformaƟon
C5: Doctor ID | D5: Doctor Name | E5: Department | F5: Consultation Fee
C6: D001 | D6: Dr. Ahmed Khan | E6: Cardiology | F6: 2500
C7: D002 | D7: Dr. Fatima Iqbal | E7: Orthopedics | F7: 1800
C8: D003 | D8: Dr. Ali Raza | E8: ENT | F8: 1500
C9: D004 | D9: Dr. Sana Malik | E9: Dermatology | F9: 2000
C10: D005 | D10: Dr. Usman Shah | E10: Neurology | F10: 3000
C11: D006 | D11: Dr. Ayesha Siddiq | E11: Pediatrics | F11: 1600
C12: D007 | D12: Dr. Hassan Tariq | E12: General Surgery | F12: 2200
C13: D008 | D13: Dr. Maria Qureshi | E13: Gynecology | F13: 2100
C14: D009 | D14: Dr. Imran Aslam | E14: Cardiology | F14: 2500
C15: D010 | D15: Dr. Hina Javed | E15: Orthopedics | F15: 1800
C16: D011 | D16: Dr. Bilal Farooq | E16: ENT | F16: 1500
C17: D012 | D17: Dr. Samina Riaz | E17: Dermatology | F17: 2000
... C25: D020 | D25: Dr. Saba Tariq | E25: Dermatology | F25: 2000

Sheet Appointments
B5: Appointment ID | C5: Patient Name | D5: Doctor ID | E5: Appointment Date | F5: Appointment Time | G5: Arrival Time | H5: Delay (mins) | I5: Status
B6: A001 | C6: Ali Khan | D6: D001 | E6: 46054 | F6: 0.375 | G6: 0.37847222 | H6: =IF(G6="","", F6-G6) -> -0.0034722222 | I6: =IF(G6="", "Missed", IF(F6<G6,"Late", "On Time")) -> Late
B7: A002 | C7: Sara Ahmed | D7: D002 | E7: 46054 | F7: 0.41666667 | G7: 0.41319444 | H7: =IF(G7="","", F7-G7) -> 0.0034722222 | I7: =IF(G7="", "Missed", IF(F7<G7,"Late", "On Time")) -> On Time
B8: A003 | C8: Omar Farooq | D8: D003 | E8: 46055 | F8: 0.45833333 | G8: 0.46527778 | H8: =IF(G8="","", F8-G8) -> -0.0069444444 | I8: =IF(G8="", "Missed", IF(F8<G8,"Late", "On Time")) -> Late
B9: A004 | C9: Hina Riaz | D9: D004 | E9: 46055 | F9: 0.39583333 | G9: 0.39583333 | H9: =IF(G9="","", F9-G9) -> 0 | I9: =IF(G9="", "Missed", IF(F9<G9,"Late", "On Time")) -> On Time
B10: A005 | C10: Ahmed Siddiq | D10: D005 | E10: 46056 | F10: 0.58333333 | G10: 0.60416667 | H10: =IF(G10="","", F10-G10) -> -0.020833333 | I10: =IF(G10="", "Missed", IF(F10<G10,"Late", "On Time")) -> Late
B11: A006 | C11: Maria Khalid | D11: D006 | E11: 46056 | F11: 0.625 | G11: 0.62152778 | H11: =IF(G11="","", F11-G11) -> 0.0034722222 | I11: =IF(G11="", "Missed", IF(F11<G11,"Late", "On Time")) -> On Time
B12: A007 | C12: Saad Iqbal | D12: D007 | E12: 46057 | F12: 0.4375 | H12: =IF(G12="","", F12-G12) | I12: =IF(G12="", "Missed", IF(F12<G12,"Late", "On Time")) -> Missed
B13: A008 | C13: Rabia Khan | D13: D008 | E13: 46057 | F13: 0.54166667 | G13: 0.54513889 | H13: =IF(G13="","", F13-G13) -> -0.0034722222 | I13: =IF(G13="", "Missed", IF(F13<G13,"Late", "On Time")) -> Late
B14: A009 | C14: Imran Aslam | D14: D009 | E14: 46058 | F14: 0.375 | G14: 0.36805556 | H14: =IF(G14="","", F14-G14) -> 0.0069444444 | I14: =IF(G14="", "Missed", IF(F14<G14,"Late", "On Time")) -> On Time
B15: A010 | C15: Nadia Hussain | D15: D010 | E15: 46058 | F15: 0.41666667 | G15: 0.42361111 | H15: =IF(G15="","", F15-G15) -> -0.0069444444 | I15: =IF(G15="", "Missed", IF(F15<G15,"Late", "On Time")) -> Late
B16: A011 | C16: Bilal Farooq | D16: D011 | E16: 46059 | F16: 0.39583333 | G16: 0.39583333 | H16: =IF(G16="","", F16-G16) -> 0 | I16: =IF(G16="", "Missed", IF(F16<G16,"Late", "On Time")) -> On Time
B17: A012 | C17: Samina Riaz | D17: D012 | E17: 46059 | F17: 0.45833333 | H17: =IF(G17="","", F17-G17) | I17: =IF(G17="", "Missed", IF(F17<G17,"Late", "On Time")) -> Missed
B18: A013 | C18: Zain Ahmed | D18: D013 | E18: 46060 | F18: 0.41666667 | G18: 0.42013889 | H18: =IF(G18="","", F18-G18) -> -0.0034722222 | I18: =IF(G18="", "Missed", IF(F18<G18,"Late", "On Time")) -> Late
B19: A014 | C19: Samra Nadeem | D19: D014 | E19: 46060 | F19: 0.38541667 | G19: 0.38194444 | H19: =IF(G19="","", F19-G19) -> 0.0034722222 | I19: =IF(G19="", "Missed", IF(F19<G19,"Late", "On Time")) -> On Time
B20: A015 | C20: Faisal Shah | D20: D015 | E20: 46061 | F20: 0.58333333 | G20: 0.59722222 | H20: =IF(G20="","", F20-G20) -> -0.013888889 | I20: =IF(G20="", "Missed", IF(F20<G20,"Late", "On Time")) -> Late
B21: A016 | C21: Lubna Qureshi | D21: D016 | E21: 46061 | F21: 0.54166667 | G21: 0.54166667 | H21: =IF(G21="","", F21-G21) -> 0 | I21: =IF(G21="", "Missed", IF(F21<G21,"Late", "On Time")) -> On Time
B22: A017 | C22: Omar Rafiq | D22: D017 | E22: 46062 | F22: 0.40625 | H22: =IF(G22="","", F22-G22) | I22: =IF(G22="", "Missed", IF(F22<G22,"Late", "On Time")) -> Missed
B23: A018 | C23: Kiran Malik | D23: D018 | E23: 46062 | F23: 0.4375 | G23: 0.44097222 | H23: =IF(G23="","", F23-G23) -> -0.0034722222 | I23: =IF(G23="", "Missed", IF(F23<G23,"Late", "On Time")) -> Late
B24: A019 | C24: Tariq Hussain | D24: D019 | E24: 46063 | F24: 0.45833333 | G24: 0.45833333 | H24: =IF(G24="","", F24-G24) -> 0 | I24: =IF(G24="", "Missed", IF(F24<G24,"Late", "On Time")) -> On Time
B25: A020 | C25: Sana Farooq | D25: D020 | E25: 46063 | F25: 0.375 | G25: 0.37847222 | H25: =IF(G25="","", F25-G25) -> -0.0034722222 | I25: =IF(G25="", "Missed", IF(F25<G25,"Late", "On Time")) -> Late

Sheet Billing
B3: Appointment ID | C3: Appointment Date | D3: Patient Name | E3: Doctor ID | F3: Doctor Fee | G3: Total Bill
B4: =LOOKUP(B3,Appointments!B6) -> A001 | C4: =LOOKUP(C3,Appointments!B6,Appointments!E6:E35) -> 46054 | D4: =LOOKUP(D3,Appointments!B6,Appointments!C6:C35) -> Ali Khan | E4: =LOOKUP(E3,Appointments!B6,'Doctor Information'!C6:C25) -> D001 | F4: =LOOKUP(F3,'Doctor Information'!C6,'Doctor Information'!F6) -> 2500 | G4: =SUM(G3,F4) -> 2500
B5: A002 | C5: =LOOKUP(C3,Appointments!B7,Appointments!E7:E36) -> 46054 | D5: =LOOKUP(D4,Appointments!B7,Appointments!C7:C36) -> Sara Ahmed | E5: =LOOKUP(E4,Appointments!B7,'Doctor Information'!C7:C26) -> D002 | F5: =LOOKUP(F3,'Doctor Information'!C7,'Doctor Information'!F7:F25) -> 1800 | G5: =SUM(G3,F5) -> 1800
B6: A003 | C6: =LOOKUP(C3,Appointments!B8,Appointments!E8:E35) -> 46055 | D6: =LOOKUP(D5,Appointments!B8,Appointments!C8:C37) -> Omar Farooq | E6: =LOOKUP(E5,Appointments!B8,'Doctor Information'!C8:C27) -> D003 | F6: =LOOKUP(F3,'Doctor Information'!C8,'Doctor Information'!F8:F25) -> 1500 | G6: =SUM(F6) -> 1500
B7: A004 | C7: =LOOKUP(C3,Appointments!B9,Appointments!E9:E35) -> 46055 | D7: =LOOKUP(D6,Appointments!B9,Appointments!C9:C38) -> Hina Riaz | E7: =LOOKUP(E6,Appointments!B9,'Doctor Information'!C9:C28) -> D004 | F7: =LOOKUP(F3,'Doctor Information'!C9,'Doctor Information'!F9:F25) -> 2000 | G7: =SUM(F7) -> 2000
B8: A005 | C8: =LOOKUP(C3,Appointments!B10,Appointments!E10:E35) -> 46056 | D8: =LOOKUP(D7,Appointments!B10,Appointments!C10:C39) -> Ahmed Siddiq | E8: =LOOKUP(E7,Appointments!B10,'Doctor Information'!C10:C29) -> D005 | F8: =LOOKUP(F3,'Doctor Information'!C10,'Doctor Information'!F10:F25) -> 3000 | G8: =SUM(F8) -> 3000
B9: A006 | C9: =LOOKUP(C3,Appointments!B11,Appointments!E11:E35) -> 46056 | D9: =LOOKUP(D8,Appointments!B11,Appointments!C11:C40) -> Maria Khalid | E9: =LOOKUP(E8,Appointments!B11,'Doctor Information'!C11:C30) -> D006 | F9: =LOOKUP(F3,'Doctor Information'!C11,'Doctor Information'!F11:F25) -> 1600 | G9: =SUM(F9) -> 1600
B10: A008 | C10: =LOOKUP(C3,Appointments!B14,Appointments!E14:E35) -> 46058 | D10: =LOOKUP(D9,Appointments!B13,Appointments!C13:C41) -> Rabia Khan | E10: =LOOKUP(E9,Appointments!B13,'Doctor Information'!C13:C31) -> D008 | F10: =LOOKUP(F3,'Doctor Information'!C13,'Doctor Information'!F13:F25) -> 2100 | G10: =SUM(F10) -> 2100
B11: A009 | C11: =LOOKUP(C3,Appointments!B14,Appointments!E14:E35) -> 46058 | D11: =LOOKUP(D10,Appointments!B14,Appointments!C14:C42) -> Imran Aslam | E11: =LOOKUP(E10,Appointments!B14,'Doctor Information'!C14:C32) -> D009 | F11: =LOOKUP(F3,'Doctor Information'!C14,'Doctor Information'!F14:F25) -> 2500 | G11: =SUM(F11) -> 2500
B12: A010 | C12: =LOOKUP(C3,Appointments!B15,Appointments!E15:E35) -> 46058 | D12: =LOOKUP(D11,Appointments!B15,Appointments!C15:C43) -> Nadia Hussain | E12: =LOOKUP(E11,Appointments!B15,'Doctor Information'!C15:C33) -> D010 | F12: =LOOKUP(F3,'Doctor Information'!C15,'Doctor Information'!F15:F25) -> 1800 | G12: =SUM(,F12) -> 1800 | J12: Date | K12: Total Patient | L12: Revenue
B13: A011 | C13: =LOOKUP(C3,Appointments!B16,Appointments!E16:E35) -> 46059 | D13: =LOOKUP(D12,Appointments!B16,Appointments!C16:C44) -> Bilal Farooq | E13: =LOOKUP(E12,Appointments!B16,'Doctor Information'!C16:C34) -> D011 | F13: =LOOKUP(F3,'Doctor Information'!C16,'Doctor Information'!F16:F25) -> 1500 | G13: =SUM(F13) -> 1500 | J13: =TODAY() -> 46059 | K13: =COUNTIF(Billing!$D$4:$D$20,"<>") -> 17 | L13: =SUM(Billing!$G$4:$G$20) -> 34500
B14: A013 | C14: =LOOKUP(C3,Appointments!B18,Appointments!E18:E35) -> 46060 | D14: =LOOKUP(D12,Appointments!B18,Appointments!C18:C44) -> Zain Ahmed | E14: =LOOKUP(E13,Appointments!B18,'Doctor Information'!C18:C35) -> D013 | F14: =LOOKUP(F3,'Doctor Information'!C18,'Doctor Information'!F18:F25) -> 3000 | G14: =SUM(F14) -> 3000
B15: A014 | C15: =LOOKUP(C3,Appointments!B19,Appointments!E19:E35) -> 46060 | D15: =LOOKUP(D13,Appointments!B19,Appointments!C19:C45) -> Samra Nadeem | E15: =LOOKUP(E14,Appointments!B19,'Doctor Information'!C19:C36) -> D014 | F15: =LOOKUP(F3,'Doctor Information'!C19,'Doctor Information'!F19:F25) -> 1600 | G15: =SUM(F15) -> 1600
B16: A015 | C16: =LOOKUP(C3,Appointments!B20,Appointments!E20:E35) -> 46061 | D16: =LOOKUP(D14,Appointments!B20,Appointments!C20:C46) -> Faisal Shah | E16: =LOOKUP(E15,Appointments!B20,'Doctor Information'!C20:C37) -> D015 | F16: =LOOKUP(F3,'Doctor Information'!C20,'Doctor Information'!F20:F25) -> 2200 | G16: =SUM(F16) -> 2200
B17: A016 | C17: =LOOKUP(C3,Appointments!B21,Appointments!E21:E35) -> 46061 | D17: =LOOKUP(D15,Appointments!B21,Appointments!C21:C47) -> Lubna Qureshi | E17: =LOOKUP(E16,Appointments!B21,'Doctor Information'!C21:C38) -> D016 | F17: =LOOKUP(F3,'Doctor Information'!C21,'Doctor Information'!F21:F25) -> 2100 | G17: =SUM(F17) -> 2100
B18: A018 | C18: =LOOKUP(C3,Appointments!B23,Appointments!E23:E35) -> 46062 | D18: =LOOKUP(D16,Appointments!B23,Appointments!C23:C48) -> Kiran Malik | E18: =LOOKUP(E17,Appointments!B23,'Doctor Information'!C23:C39) -> D018 | F18: =LOOKUP(F3,'Doctor Information'!C23,'Doctor Information'!F23:F25) -> 1800 | G18: =SUM(F18) -> 1800
B19: A019 | C19: =LOOKUP(C3,Appointments!B24,Appointments!E24:E35) -> 46063 | D19: =LOOKUP(D17,Appointments!B24,Appointments!C24:C49) -> Tariq Hussain | E19: =LOOKUP(E18,Appointments!B24,'Doctor Information'!C24:C40) -> D019 | F19: =LOOKUP(F3,'Doctor Information'!C24,'Doctor Information'!F24:F25) -> 1500 | G19: =SUM(F19) -> 1500
B20: A020 | C20: =LOOKUP(C3,Appointments!B25,Appointments!E25:E35) -> 46063 | D20: =LOOKUP(D18,Appointments!B25,Appointments!C25:C50) -> Sana Farooq | E20: =LOOKUP(E19,Appointments!B25,'Doctor Information'!C25:C41) -> D020 | F20: =LOOKUP(F3,'Doctor Information'!C25,'Doctor Information'!F25) -> 2000 | G20: =SUM(F20) -> 2000

Sheet Doctor Wise Performance
B4: Doctor Name | C4: Total Patients | D4: Total Revenue
B5: =LOOKUP(B4,Appointments!B6,Doctor_Information[Doctor Name]) -> Dr. Ahmed Khan | C5: =COUNTIF('Doctor Information'!D6,B5) -> 1 | D5: =SUMIF('Doctor Information'!D6,B5,Billing!G4) -> 2500
B6: =LOOKUP(B4,Appointments!D7,'Doctor Information'!D7) -> Dr. Fatima Iqbal | C6: =COUNTIF('Doctor Information'!D7,B6) -> 1 | D6: =SUMIF('Doctor Information'!D7,B6,Billing!G5) -> 1800
B7: =LOOKUP(B4,Appointments!D8,'Doctor Information'!D8) -> Dr. Ali Raza | C7: =COUNTIF('Doctor Information'!D8,B7) -> 1 | D7: =SUMIF('Doctor Information'!D8,B7,Billing!G6) -> 1500
B8: =LOOKUP(B4,Appointments!D8,'Doctor Information'!D9) -> Dr. Sana Malik | C8: =COUNTIF('Doctor Information'!D9,B8) -> 1 | D8: =SUMIF('Doctor Information'!D9,B8,Billing!G7) -> 2000
B9: =LOOKUP(B4,Appointments!B9,'Doctor Information'!D10) -> Dr. Usman Shah | C9: =COUNTIF('Doctor Information'!D10,B9) -> 1 | D9: =SUMIF('Doctor Information'!D10,B9,Billing!G8) -> 3000
B10: =LOOKUP(B4,Appointments!B11,'Doctor Information'!D11) -> Dr. Ayesha Siddiq | C10: =COUNTIF('Doctor Information'!D11,B10) -> 1 | D10: =SUMIF('Doctor Information'!D11,B10,Billing!G9) -> 1600
B11: =LOOKUP(B4,Appointments!B13,'Doctor Information'!D13) -> Dr. Maria Qureshi | C11: =COUNTIF('Doctor Information'!D13,B11) -> 1 | D11: =SUMIF('Doctor Information'!D13,B11,Billing!G10) -> 2100
B12: =LOOKUP(B4,Appointments!B14,'Doctor Information'!D14) -> Dr. Imran Aslam | C12: =COUNTIF('Doctor Information'!D14,B12) -> 1 | D12: =SUMIF('Doctor Information'!D14,B12,Billing!G11) -> 2500
B13: =LOOKUP(B4,Appointments!B15,'Doctor Information'!D15) -> Dr. Hina Javed | C13: =COUNTIF('Doctor Information'!D15,B13) -> 1 | D13: =SUMIF('Doctor Information'!D15,B13,Billing!G12) -> 1800
B14: =LOOKUP(B4,Appointments!B16,'Doctor Information'!D16) -> Dr. Bilal Farooq | C14: =COUNTIF('Doctor Information'!D16,B14) -> 1 | D14: =SUMIF('Doctor Information'!D16,B14,Billing!G13) -> 1500
B15: =LOOKUP(B4,Appointments!B18,'Doctor Information'!D18) -> Dr. Zain Ahmed | C15: =COUNTIF('Doctor Information'!D18,B15) -> 1 | D15: =SUMIF('Doctor Information'!D18,B15,Billing!G14) -> 3000
B16: =LOOKUP(B4,Appointments!B19,'Doctor Information'!D19) -> Dr. Nadia Hussain | C16: =COUNTIF('Doctor Information'!D19,B16) -> 1 | D16: =SUMIF('Doctor Information'!D19,B16,Billing!G15) -> 1600
B17: =LOOKUP(B4,Appointments!B20,'Doctor Information'!D20) -> Dr. Saad Iqbal | C17: =COUNTIF('Doctor Information'!D20,B17) -> 1 | D17: =SUMIF('Doctor Information'!D20,B17,Billing!G16) -> 2200
B18: =LOOKUP(B4,Appointments!B21,'Doctor Information'!D21) -> Dr. Rabia Khan | C18: =COUNTIF('Doctor Information'!D21,B18) -> 1 | D18: =SUMIF('Doctor Information'!D21,B18,Billing!G17) -> 2100
B19: =LOOKUP(B4,Appointments!B23,'Doctor Information'!D23) -> Dr. Kiran Malik | C19: =COUNTIF('Doctor Information'!D23,B19) -> 1 | D19: =SUMIF('Doctor Information'!D23,B19,Billing!G18) -> 1800
B20: =LOOKUP(B4,Appointments!B24,'Doctor Information'!D24) -> Dr. Asad Rafiq | C20: =COUNTIF('Doctor Information'!D24,B20) -> 1 | D20: =SUMIF('Doctor Information'!D24,B20,Billing!G19) -> 1500
B21: =LOOKUP(B4,Appointments!B25,'Doctor Information'!D25) -> Dr. Saba Tariq | C21: =COUNTIF('Doctor Information'!D25,B21) -> 1 | D21: =SUMIF('Doctor Information'!D25,B21,Billing!G20) -> 2000
B22: =LOOKUP(B4,Appointments!B12,'Doctor Information'!D12) -> Dr. Hassan Tariq | C22: =COUNTIF('Doctor Information'!D12,B22) -> 1 | D22: =SUMIF('Doctor Information'!C12,B22,Appointments!I17) -> 0
B23: =LOOKUP(B4,Appointments!B17,'Doctor Information'!D17) -> Dr. Samina Riaz | C23: =COUNTIF('Doctor Information'!D17,B23) -> 1 | D23: =SUMIF('Doctor Information'!C13,B23,Appointments!I18) -> 0
B24: =LOOKUP(B4,Appointments!B22,'Doctor Information'!D22) -> Dr. Waseem Akhtar | C24: =COUNTIF('Doctor Information'!D22,B24) -> 1 | D24: =SUMIF('Doctor Information'!C14,B24,Appointments!I19) -> 0
